{"vtIpIh/oJzUDyJlTPZSZMA==":"design%20sem%20nome%20(1)-1584x396.png","2jYEjbiYXg3AGxc65LsFdw==":"post%20para%20instagram%20de%20dia%20do%20amigo%20colorido%20amarelo%20e%20branco%20e%20azul%20(2)-816x816.png","K6+t7gMt2QHfBEEYw3N0jg==":"post%20para%20instagram%20de%20dia%20do%20amigo%20colorido%20amarelo%20e%20branco%20e%20azul%20(3)-816x816.png","gF7zlvC5NEN9FaISIvL8YQ==":"post%20para%20instagram%20de%20dia%20do%20amigo%20colorido%20amarelo%20e%20branco%20e%20azul-816x816.png","TWAs2zdkIc15NRt2nzUL/Q==":"post%20para%20instagram%20de%20dia%20do%20amigo%20colorido%20amarelo%20e%20branco%20e%20azul%20(1)-816x816.png","wbw6yDi4S/lbTF82nHveDA==":"post%20para%20instagram%20de%20dia%20do%20amigo%20colorido%20amarelo%20e%20branco%20e%20azul%20(3)-1000x1000.png","ipSDbOlH3BlGdiNLqEgn/w==":"post%20para%20instagram%20de%20dia%20do%20amigo%20colorido%20amarelo%20e%20branco%20e%20azul-1000x1000.png","iQQh1FcCvK5QAcNjWlrjGg==":"post%20para%20instagram%20de%20dia%20do%20amigo%20colorido%20amarelo%20e%20branco%20e%20azul%20(1)-1000x1000.png","EPW03HCvXepvRzVPjjRT7A==":"post%20para%20instagram%20de%20dia%20do%20amigo%20colorido%20amarelo%20e%20branco%20e%20azul%20(2)-1000x1000.png","yFvPTqibakjgmU+DIFSb8A==":"grey%20and%20blue%20simple%20illustration%20we%20are%20hiring%20jobs%20announcement%20facebook%20post-816x684.png","PUlk0Uq+G+Wiap8OA+LwRA==":"grey%20and%20blue%20simple%20illustration%20we%20are%20hiring%20jobs%20announcement%20facebook%20post%20(2)-816x684.png","zg7Dg5NFYt95+80qy30Leg==":"grey%20and%20blue%20simple%20illustration%20we%20are%20hiring%20jobs%20announcement%20facebook%20post%20(1)-816x684.png","aTjSp6UfczKpznbEwIEdnw==":"whatsapp%20image%202023-02-25%20at%2009.53.59%20(2)-600x600.jpg","8AwN11m5MRfNuMdrTf0Gyg==":"whatsapp%20image%202023-02-25%20at%2009.53.59%20(1)-600x600.jpg","973SEfnm3ym6KsSNMUSx+Q==":"whatsapp%20image%202023-02-25%20at%2009.53.58%20(1)-600x600.jpg","O0xJSKyPsfPau5I0IUBc4w==":"whatsapp%20image%202023-02-25%20at%2009.53.58-600x600.jpg","jy/ETG0DkyhAHzcmxkgkNQ==":"grey%20and%20blue%20simple%20illustration%20we%20are%20hiring%20jobs%20announcement%20facebook%20post%20(4)-816x684.png","Bm1+H0NVsMlioE4zEzxAIw==":"grey%20and%20blue%20simple%20illustration%20we%20are%20hiring%20jobs%20announcement%20facebook%20post%20(5)-816x684.png","VoAFsbSSWyW/mOC2jsbV0w==":"grey%20and%20blue%20simple%20illustration%20we%20are%20hiring%20jobs%20announcement%20facebook%20post%20(3)-816x684.png","tqfbZttNrfroyZPjI30lhQ==":"blue%20chat%20communication%20logo-500x500.png","ERA91KGjO13qV0eJLsPKsQ==":"blue%20chat%20communication%20logo-500x500.png","q02shVcRnViKINThzhHQ9w==":"blue%20chat%20communication%20logo%20(1)-500x500.png","DaqMeTd8pQXDlkCOaz/nFw==":"blue%20chat%20communication%20logo%20(2)-500x500.png"}